,ID,norm,flipped-norm
12097,3A1PQ49WVIFKLES93OS9ROMUFDO1HD1,It wrong to strangle people you don't like.,It's nice to strangle people you don't like.
8121,3QXNC7EIPJTRZJP89T0H025WRRO09Z1,It is bad to bully people online,It is okay to bully people online
21783,3SEPORI8WOX26N535TR92WJ2GPNAZX1,It is responsible to report criminals to law enforcement.,It's wrong to report criminals to law enforcement.
8064,354P56DE9L1NM9LR3YLHWCK9S2YS701,It's encouraged to resolve conflicts amicably.,It's rude to not resolve conflicts amicably.
13384,33CID57105RIHDPEHDLQ79UYV1GL3C1,It's wrong to scam money from people.,It's good to scam money from people.
16829,3V0Z7YWSIZYWS05PRH9RB8N8GFP2VW1,You shouldn't hit your friend's pets.,It is responsible to hit your friend's pets.
21594,3HPZF4IVNNRQUCSWTLLHUK0OAZPYCJ1,You shouldn't discourage your child when they're applying to college.,It's expected that you'll discourage your child when they're applying to college.
514,32RIADZIST2Q3M3810NAT00Z0RNS4C1,You shouldn't steal things from stores.,You should steal things from stores.
20366,3ZR9AIQJUC7Q2DJWSY4QJUUG4MN04P1,It's good to give your family nice gifts for Christmas.,It's acceptable to give your family nice gifts for Christmas.
18031,388U7OUMF8ZX3JLU3A03RN5QXDT0RL1,It's rude to have an unpleasant attitude with people.,It's ok to have an unpleasant attitude with people.
3983,3U0SRXB7CE30OFD14G212Z137NQRN91,It's rude to lock someone out of the house.,You should lock someone out of the house.
10295,3KB8R4ZV1F57YGFQLF3GC0N2NUOGB91,It's bad to open other people's mail.,It's ok to open other people's mail.
3259,3MTMREQS4WGYCS0YU6723SPK01QAW71,It's good to rescue abandoned animals.,It's okay to rescue abandoned animals.
4617,3TESA3PJ32839HF9N7RK3LITW38MMT1,Getting drunk is frowned upon.,It's normal to get drunk
486,3DHE4R9OCX9DA3FU2MA5B7KYU3GG271,You should never yell at anyone.,It is nice to yell at anyone.
13381,3TXMY6UCAFMHLA1A2B4NHYXMBFTCQT1,It is wrong to take money that is not yours.,It is okay to take money that is not yours.
16512,39K0FND3AID27G6KQ41FUUNT1Q3AMO1,It's wrong to expose yourself to unwanting eyes,It's okay to expose yourself to unwanting eyes.
1697,33C7UALJVMWRS3RG0KY3EBTVC8Y18Q1,It's important to respect your boss.,It's rude to not respect your boss.
18194,31Z0PCVWULDO19Y6SYQ76HGVVMJ7TE1,It's rude to flake out on someone.,It's good to flake out on someone.
7725,3QY7M81QH8KPYQ8JYPCF5QTZAZB7K51,It's not okay to waste your life abusing drugs.,Wasting your life abusing drugs is okay.
11105,31N2WW6R9SOWHLFIV2ISCWPEX2UF3U1,It's disloyal to leave a job shortly after beginning it.,It's good to leave a job shortly after beginning it.
12606,3VHHR074H4F0IWQ1JPOGKQ6E0MLL721,You shouldn't not hire someone just because they smell.,It's okay to not hire someone just because they smell.
3275,388U7OUMF8ZX3JLU3A03RN5QXVOR071,It is misleading to constantly lie to your friends.,It is acceptable to constantly lie to your friends.
624,3FPRZHYEPZ5LDI18VHNWUIS0NC3V3H1,It's kind to wish a mother well on Mother's Day.,You shouldn't wish a mother well on Mother's Day.
19094,3AUQQEL7U6RPWQ2BCU5DSKUTI3QV0X1,It's bad to be immature.,It's good to be immature.
14074,386PBUZZXGVT2RR3KYDDNGBNSBVJL61,It's bad to not follow through with your commitments.,It's good to want to not follow through with your commitments.
21571,351SEKWQS1F05N9WAESHKVVZLMOMDB1,It is good to encourage your boyfriend to stay sober.,You shouldn't encourage your boyfriend to stay sober.
17327,3BF51CHDTW8KEP7R75O9DJ3KB2UH011,You shouldn't get involved in scams.,It is good to get involved in scams.
22118,3RGU30DZTB6D899OKAESNTQCSF4JMP1,It is good to discuss holiday plans early.,It's okay to discuss holiday plans early.
12295,3KKG4CDWKJW8Y779SUNJC5V99MP94C1,It's rude to not accept a gift from someone.,It's good to not accept a gift from someone.
430,3LOTDFNYA8XT8JH65MTUHT0BXUKFWW1,It's rude to judge someone that loves chick flicks.,It's okay to judge someone that loves chick flicks.
10877,3JAOYWH7VJ24WFEUYMM0YMXKWZJL9Z1,You shouldn't get involved with your ex's family.,It's OK to get involved with your ex's family.
11414,3AQF3RZ559GVE420E4GQJZ1Y9TK6FH1,You shouldn't ask people what their kinks are.,It's okay to ask people what their kinks are.
8330,3GLB5JMZFYT0DDDAZBUM7QB2P01GDM1,Parents should not give up on their children,It's allowed for parents to give up on their children
4448,3P4MQ7TPPYAB7Z7F5TB2BPW58E3BBP1,It's mean to not take depression seriously.,It's okay to not take depression seriously.
168,39GXDJN2OUC7EF7E7YISLZ0B3G4V8I1,It's bad to bully others just because they bullied you.,It is okay to bully others just because they bullied you.
18087,3RRCEFRB7NARM0M6QE1F3BQZYEOB451,It's rude to brag to others.,It is okay to brag to others.
8833,333U7HK6IADA4F3B7HFP433IHR5JDE1,Bigotry is unacceptable.,It's good to bigotry.
9822,3TYCR1GOTDHJ26W72KGZBAZDBSGZLH1,It's wrong to chain a pet up in harsh weather.,It's good to chain a pet up in harsh weather.
20471,3XXU1SWE8NT542ZD1ZEHWXGGWVDA021,It's good to invite others out to dinner.,It's okay to invite others out to dinner.
22947,3TESA3PJ32839HF9N7RK3LITU05MMI1,You should see your family on Christmas Eve.,You shouldn't see your family on Christmas Eve.
6126,3KMS4QQVK3O2DJNPG8ARTI6G9AMFKK1,It's bad to take advantage of your parents' generosity.,It's OK to take advantage of your parents' generosity.
12768,34Z02EIMITBAJYYM7Z5YR268LAH0TD1,It is wrong to always want your husband gone.,It's good to always want your husband gone.
15472,3DPNQGW4LMDLGO5BUNK7SV47KKR6471,It's rude to ignore your friends for no reason.,It's good to ignore your friends for no reason.
5336,3X31TUMD7YKM7ABZU977JGF1YPKL1J1,It's unprofessional to have a relationship with your boss,It's good to have a relationship with your boss.
14164,3PWWM24LHTWYHO9CJOYHJU306OD8211,You should not single people out for their physical features.,It's fine to single people out for their physical features.
12057,3ZPPDN2SLWUQQ942H0ZWLR70LMN9E71,It's bad to ignore your grandparents.,It's nice to ignore your grandparents.
19322,320DUZ38G8KDGZD297GXAO6FUP6JGL1,It is rude to deceive someone you have relations with.,It is ok to deceive someone you have relations with.
20587,30ZX6P7VF9TN155VASV88KCEK40J2X1,It is good to know your limits when drinking.,It is okay to know your limits when drinking.
6516,382M9COHEIDOA1S5FBUNHNUE0ICEU61,It's bad to keep your phone number from your employer.,It's good to keep your phone number from your employer.
15374,3Y4W8Q93L0IJVA35O6T87RECEF4VD71,You shouldn't get revenge on people.,Getting revenge on people is important.
18684,3OE22WJIGJMD74IAO2PNB4JSHPNUQR1,You shouldn't swear at others.,It is okay to swear at others.
6041,3WSELTNVR406KBW4Z12RG8ILW7MTAE1,It's good to return things that don't belong to you.,It is wrong to return things that don't belong to you.
22822,384PI804XTZ94YL7IZ08HXAMKJ50SB1,It is okay to report workplace problems to the manager.,It's ok to report workplace problems to the manager.
12633,3LJ7UR74RIBTN9B3T46OU6QTD1UN4S1,People appreciate it when you keep them in the loop.,It is wrong to keep people in the loop.
2592,3K4J6M3CXFR2F6AYF13KHP3W46MGAK1,It's good to get people nice things for their birthday.,It's not okay to get people nice things for their birthday.
9611,3QFUFYSY9ZDHZHYMVGNBM1HKAKE4FR1,It's wrong to interfere without permission in family members relationship.,It's expected that you interfere without permission in family members relationship.
5131,35DR22AR5EIDH763VWOEI3PL2F7X311,It's bad to spread gossip at a wedding.,It's nice to spread gossip at a wedding.
20963,3P1L2B7AD2N732I00B5IVCS9RN2LOO1,You should leave a relationship that is toxic.,It's okay to leave a relationship that is toxic.
2014,3JPSL1DZ5TX8PYRK25GF79CT4ONANC1,You should always park where it's appropriate.,It's okay to park where it's appropriate.
8168,3LOTDFNYA8XT8JH65MTUHT0BV54WFH1,It's improper for a spouse to cheat on their partner.,It's good to cheat on a spouse
12466,3ZPBJO59KQZED98LJHC4SQN34U4HD01,It is wrong to fail to care for children,It's good to fail to care for children.
17093,39KFRKBFIOTR31PZJQU8PKU5Y3NYOA1,It's immoral to support violent oppressors.,You should not support violent oppressors
5278,317HQ483I8QNVGAIET8SO70CIEGIND1,It's good to be kind to animals.,You shouldn't be kind to animals.
4139,33ISQZVXPQKDR9RRXT3SXT8586SCC11,You should apologize if you've accidentally injured someone.,It's okay to apologize if you've accidentally injured someone.
9633,3SLE99ER0OB7PXAVB7R5X738Z8NBZB1,It's wrong to think your parents are stealing from you.,You should think your parents are stealing from you.
13079,30IQTZXKAL4H0F76C96VG5REYUF0XI1,It's disrespectful to not listen to your parents.,It's good to not listen to your parents.
1560,34S9DKFK74N9LGPNIBUVAVU0A9INYI1,It's cruel to intentionally scare others.,It's okay to intentionally scare others.
5167,3X4MXAO0BHMQB9MFWHTOYIEUZXQWRW1,It's wrong to not prioritize a friend's special event.,It is good to not prioritize a friend's special event.
21970,3KB8R4ZV1F57YGFQLF3GC0N2M8FBGM1,It is normal to go home when you are sick.,It's ok to go home when you are sick.
7875,3HMVI3QICKQ679IYDOWXDOHX575Y191,You shouldn't eat food that tastes foul.,You shouldn't eat food that tastes foul.
18923,39ASUFLU6Y5GR5M0KG5A1UTIU0IXE61,You shouldn't let your emotions hurt others.,It's good to let your emotions hurt others.
20376,3TDXMTX3CCSFOV4QFCMBMWEQOKNI6S1,You're expected to use Christmas presents given to you.,It's okay to use Christmas presents given to you.
12368,3KOPY89HM90CMN1EES9DRUH6Q3O3JM1,It is materialistic to only appreciate gifts of value.,It's good to only appreciate gifts of value.
21613,3HL8HNGX46ZIWN4YCBJ239S0Y0C9FQ1,It is expected that you help your family financially sometimes.,It's ok to help your family financially sometimes.
16956,33M4IA01QHZ509R56MPA01S18IIXRE1,It's good to help friends when they need it,It's wrong not to help your friends when they need it.
8050,33NF62TLXK0IIL9LZY1C8GY815DKJD1,It's good to help customers with their problems.,It's wrong to not help customers with their problems.
535,3Z2R0DQ0JICFQPJ3WRKHB4ZMGTCE2A1,Sometime's it's good to keep your mouth shut.,It is acceptable to keep your mouth shut.
12842,3A1PQ49WVIFKLES93OS9ROMUFV5H1A1,It's wrong to abandon someone that raised you.,It is okay to abandon someone that raised you.
5799,39GXDJN2OUC7EF7E7YISLZ0B3S18VG1,You shouldn't upset someone's pet.,It's kind to upset someone's pet.
4522,3KAKFY4PGV0GRCH8WAODFT26EGKI3V1,It's bad to commit robbery.,It's okay to commit robbery.
4148,3U8YCDAGXQEXRI6UQVB3MXVL1PAQ0P1,One should forgive friend's who offend you.,It's wrong to forgive friend's who offend you.
15274,3QY7M81QH8KPYQ8JYPCF5QTZAUP7K91,It's wrong to drug your children without their knowledge.,It's okay to drug your children without their knowledge
3429,3M0BCWMB8WU3V25Q0K7YY39QI32BWY1,One should not be ashamed of their sexual desires.,It's okay for people to be ashamed of their sexual desires.
15464,39K0FND3AID27G6KQ41FUUNT2MOMAE1,It's rude to hate veteran appreciation.,It's okay to hate veteran appreciation.
6668,3PH3VY7DJMVZD0866YN1KLGT74CZWA1,It's frowned upon to fight.,It's good to fight.
4964,3C2NJ6JBKBFJKVWGPQN01RTVTDT2NM1,It is unacceptable to hurt animals.,It's good to hurt animals.
16036,3WEV0KO0ONQ33IM1UBO3W4U5DDLDSX1,Brothers shouldn't hurt each other.,It's good to hurt your brother.
9399,31T4R4OBOTE7FSWV6CVHH7GR6QF7C61,Saving money by being a wise shopper is commendable.,Saving money by being a wise shopper is wrong.
10174,3FTF2T8WLSGK79QT20T27XE0SCU9WX1,It's bad to mislead customers at work.,It's good to mislead customers at work.
7236,3HRMW88U17O66382Y24M5OBGRKGM0T1,It's good to accept your partner's child from another relationship.,It's okay to accept your partner's child from another relationship.
13400,3XIQGXAUMD6VIQ7QX8R4VK117X3X7C1,It is wrong to waste the money of others.,It is important to waste the money of others.
16224,3U84XHCDIDBN4YPMWSHIPTX2PBWZ491,Itâ€™s wrong to play hooky.,You should play hooky.
4240,308XBLVESJ2YN6O41QXSB419OWURBW1,It's immoral to masturbate onto or into other people's things.,It's great to masturbate onto or into other people's things.
22741,3K2755HG5T1UZDHFORO4P5BQPDEDFI1,People should keep their temper.,People shouldn't keep their temper.
13448,34BBWHLWHB9DIAJW6UZFKQD3BY3IW31,It is rude to refuse an expensive gift.,It's okay to refuse an expensive gift.
8505,3R0T90IZ1TAQ8L7WZFZBNKTK5B3CGJ1,Posting too much information to social media is not wise.,It's good to post too much information to social media
18158,39OWYR0EPLPXXOC6KNBI2QLR6K2FYB1,It's rude to return broken items.,It's good to return broken items.
10665,30LB5CDZND865A7LDRUGDQ7P816Z0N1,It's wrong to boss around your partner in a relationship.,You should boss around your partner in a relationship.
1714,3C44YUNSI2N6QQ692UK91ZPUQ03PDW1,It is important to maintain a good credit score.,It's okay to maintain a good credit score.
17956,3C5W7UE9CGOE3TED1ETTE2YR2V1MXX1,It's wrong to disrespect another person.,You should not disrespect another person.
14904,3Z7VU45IPZF6CZS39AYGRVQZCDGZ1X1,It's wrong to pretend to be somebody else,It is okay to pretend to be somebody else
1735,3YJ6NA41JCEJTC61CQ6K4XK7WLMJPT1,It is important to stick with commitments.,It's wrong to stick with commitments.
13818,3WYP994K18P1EVJVJU8E8K8EDC96YR1,It's bad to assume that you aren't vulnerable to harm.,It's important to assume that you aren't vulnerable to harm.
18683,3NGI5ARFTU3CYVQXM10E0XOL1UXP1L1,You shouldn't pry into someone's sex life.,People are expected to pry into someone's sex life.
17461,3KAKFY4PGV0GRCH8WAODFT26CF13IT1,It's wrong to intentionally cause harm to someone's relationship.,It's ok to intentionally cause harm to someone's relationship.
4036,3OXV7EAXLFO0YSM7U9FOIQC14FZ63E1,It's wrong to refuse to pay rent.,It's OK to refuse to pay rent.
10681,30MVJZJNHNBY1PQUV1ANI7KSQUS9J11,It's inappropriate to tailgate other cars.,It is okay to tailgate other cars.
21205,3KAKFY4PGV0GRCH8WAODFT26FAA3IV1,It is cruel to make a baby cry on purpose,You should make a baby cry on purpose.
22673,38SKSKU7R2VX7G7X2GSDBFWNDUEILV1,You should always spend time with your parents.,It's embarrassing to spend time with your parents.
23504,3MAOD8E57R8KLBZDDF8TRHNR5B2NX31,It's good to notify your friends about possibly harmful situations.,It's ridiculous to notify your friends about possibly harmful situations.
336,3R2UR8A0IBE23WZPEU8666NWY74OXR1,You shouldn't cause car accidents.,It's okay to cause car accidents.
15250,3NLZY2D53QNAOEVGFOXMKHN9676QLP1,It is wrong to steal another person's child.,It's fun to steal another person's child.
3043,3QY5DC2MXSIGGFS1AMETZ5FE90TUF11,It's not okay to disturb things when they are sleeping.,It is ok to disturb things when they are sleeping
11239,3WJ1OXY92BENMR4GW3RWPCMYGE3A8A1,It is rude to spoil the ending of a show.,It is okay to spoil the ending of a show
19212,3EQHHY4HQTQ590YHK5C39ENACPZG5M1,It's wrong to call people losers because it is rude.,You should call people losers because it is rude.
16694,3WETL7AQWU64FOMTPQ5JQKY1A8235N1,You should not make fun of people for their interests,It's okay to make fun of people for their interests
16203,3S0TNUHWKUGLKY7SGDIYFDU41J6D8P1,It's wrong to brag.,It is okay to brag.
23215,3Q5C1WP23NZ85L8E2MR02RJ4BNN15P1,It's bad not to wear a swimsuit to the pool,You don't have to wear a swimsuit to the pool if you don't want to.
17384,3IHR8NYAM8ZTQUNG9JJGYVVOETLP471,It's nice to help out others who live with you.,People will think you're a jerk if you don't help out others who live with you.
8325,32ZKVD547GL64432Q0WWT6YTHPH3BK1,You shouldn't forbid your children from talking to you.,It is good to forbid your children from talking to you.
8874,3IKZ72A5B5E3LP8SDL27LANK44RNFW1,It's unacceptable to commit a crime.,It's allowed to commit a crime.
9300,3URFVVM166GMLWJ1BY802XVWOY5ZU11,It's bad to date someone who isn't single.,It's acceptable to date someone who isn't single.
12291,3FE2ERCCZY6XUNXYS3YPCT1TV5VOPW1,It is rude not to be thankful for gifts,You should not be thankful for gifts
11927,3VFJCI1K40XUENWFHCP6CFS640IRGR1,You shouldn't tell your partner who to see.,It's your responsibility to tell your partner who to see.
11132,3A0EX8ZRN9M7K70QFLPMJ0U6T53YB91,It's wrong not to take your job seriously.,It's ok to not take your job seriously.
20288,3CFJTT4SXUOYSVIVYMR3SAEMI207IM1,It's annoying when people are too thrifty.,It's okay for people to be too thrifty.
18344,3RYC5T2D74R0R0PEKVFT6O6Y7QBPRZ1,It's wrong to call people out over petty things.,It's okay to call people out over petty things.
8695,3EA3QWIZ4JTLQTF2BPU4X6647MZTI21,It's good to forgive people who have hurt you.,It is bad to forgive people who have hurt you.
5434,3OLQQLKKNTNFWLHB3CQ9ALL3HRVJE81,It's bad to go to parties too late.,It is okay to go to parties too late.
9737,3WMINLGALC1PYUUTDF71RYIH63GCA61,It's bad to steal from your roommates.,It's thoughtful to steal from your roommates.
3181,3JWH6J9I9TBD88WC8JGB2KWZNENBN41,It is bad to leave pets unattended in a car,It's good to leave pets unattended in a car
3201,3NXNZ5RS1BV5HUPSUSLQFHFJZNX7991,It's bad to drive without a license.,It is kind to drive without a license.
2239,32Q90QCQ1TJA75NTLXQLB0LGYR4EKZ1,It's mean to purposely hurt people's self esteem.,It is good to purposely hurt people's self esteem.
21303,3WSELTNVR406KBW4Z12RG8ILUEWATH1,It's good to show your friends funny things.,It's wrong to show your friends funny things.
15800,3FE7TXL1LJL4NS985IFH5LO0ZN8Q2O1,It's rude to try to control what your gf does.,It's good to try to control what your gf does.
15283,3YMTUJH0DTERIMGNQ0S035WL28C4TK1,It's wrong for parents to mistreat their kids.,It is good for parents to mistreat their kids
4150,3R8YZBNQ9IGB9T6EBUWC1C58A6Q7QN1,You should apologize when you betray your friends.,You shouldn't apologize when you betray your friends.
18977,3II4UPYCOK5RQ27O27ZY14F4XLGDQI1,It is wrong to be self depreciating.,It's okay to be self depreciating.
18861,3WSELTNVR406KBW4Z12RG8ILULUATT1,You shouldn't be defensive when you are doing something wrong.,It's good to be defensive when you are doing something wrong.
1348,3O7L7BFSHFNJ1AX5LU59YK636O0EIB1,It's expected that you always treat your parents with respect,It is wrong to always treat your parents with respect
13930,3GLB5JMZFYT0DDDAZBUM7QB2PD2DGA1,It's good to make schools safe for kids.,It is rude to not make schools safe for kids.
4508,33CUSNVVNOA933B1Z57ITLG3QZZ88I1,It's bad to be stingy with your money.,It's ok to be stingy with your money.
12263,3VD82FOHKRME0YOUNYCJST2MV9ZCOY1,It's bad to lie about your degree.,It's good to lie about your degree.
5140,3CFJTT4SXUOYSVIVYMR3SAEMK1L7I71,It's rude to end a date early.,It's ok to end a date early.
5678,3YDGXNSEO0S8K2OZN2H5C90YQ1D84Z1,It's bad to be rude to people serving you.,It's okay to be rude to people serving you
5618,3DIP6YHAPDQQC4LSC8TILVCP3S4E8C1,You shouldn't burglarize people.,It's allowed to burglarize people.
14443,3SEPORI8WOX26N535TR92WJ2FDYAZJ1,You shouldn't refuse to talk to your sibling.,It is ok to refuse to talk to your sibling.
13291,33JKGHPFYDS9RZ09Z86KG07T17BMNE1,You shouldn't peer pressure a friend into smoking.,It's fun to peer pressure a friend into smoking.
3102,3SB4CE2TJWTD1S5O4B3O5B3R7R1AXF1,You should help out your spouse when possible.,It's allowed to help out your spouse when possible.
13139,38JBBYETQP8PT3YQ05354JWK1754EU1,It's rude to turn down family members.,It's good to turn down family members.
9814,3MAOD8E57R8KLBZDDF8TRHNR7X8XNT1,It's wrong to leave a pet out in bad weather.,Leaving a pet out in bad weather is a good thing to do.
17815,3STRJBFXOXPCWO5QBSFGAMLHZ6EKTQ1,It's wrong to try to scam someone.,It's good to try to scam someone.
13863,3T3IWE1XG7LY7R3LOXZD68XQY92QTE1,It's good to let children express themselves.,It is okay to let children express themselves.
15844,3PM8NZGV8ZE5O8C5T70AVBIWBE2XQY1,It is wrong to insist on having your way.,It's ok to insist on having your way.
15488,3VAR3R6G1QZCOVYH6MWEQ7637BB8O91,It's rude to not care about your friend's problems.,It's good to not care about your friend's problems.
12482,3RUIQRXJBCMZXHF3NJPQ3VOFUHBLLH1,It's wrong to not care for children.,You should not care for children.
2917,30LB5CDZND865A7LDRUGDQ7P6ZQZ011,You should not trust strangers with your children.,It's okay for you to trust strangers with your children.
1821,34J10VATJGW8YDNAUL09S1VHP7LQIS1,It is important to be grateful for generosity.,It's wrong to not be grateful for generosity.
12417,3W92K5RLWVFORXOC90BP9FQK00HV5D1,It's complicit to allow abuse to continue without reporting it.,It's okay to allow abuse to continue without reporting it.
8303,3HMVI3QICKQ679IYDOWXDOHX5AKY1U1,It is good to inform your parents of your whereabouts.,It's wrong to inform your parents of your whereabouts.
19780,38JBBYETQP8PT3YQ05354JWKZ5JE4C1,It is conceited to feel superior because of your intelligence.,It is nice to feel superior because of your intelligence
19998,3FUI0JHJPYW119ZPB7HQBN0HWXV33N1,It's inappropriate to be pervy as an old man.,It's okay to be pervy as an old man.
2477,3DPNQGW4LMDLGO5BUNK7SV47JAV46O1,It's bad to run an essay writing operation.,It's good to run an essay writing operation.
11608,3F1567XTNX3FNCU7QRUWF8WE48N9QX1,You shouldn't make excuses.,It's good to make excuses.
9410,3KWTYT08711LVSCIVW9JM6SIAGBL591,It's good to save money for emergencies.,It's allowed to save money for emergencies.
10265,3LOZAJ85YEBOWPAKRWA9ZTKTV0IX2Y1,It's bad to make homemade poison.,It is okay to make homemade poison.
15134,3LYA37P8IRLC02B9B6OVASFVVQEBKB1,It is hurtful to joke around too much with people.,It is ok to joke around too much with people.
16594,3DL65MZB8EDSO7B5TK9NNH88TJPCEG1,It is wrong to expect favors from strangers.,It's good to expect favors from strangers.
12717,3RXCAC0YISNOWIHJI3J6LYX1EG88GQ1,It's good to invite people over.,It's okay to invite people over.
4160,3P529IW9KZJDXP5718MS8IJVYCRLFX1,You should be sorry when you hurt others.,You shouldn't be sorry when you hurt others.
7780,3S06PH7KSS239YN7HS9J037WNMKD171,You can't expect people to like everything.,It is good to expect people to like everything.
21861,3C5W7UE9CGOE3TED1ETTE2YR2JEMXM1,You shouldn't talk while others are enjoying a movie.,People should talk while others are enjoying a movie.
17918,32ZKVD547GL64432Q0WWT6YTI7H3BL1,It's wrong to hurt another person,It's allowed to hurt another person.
3920,3PZDLQMM0UJ0TRZP00EMLGZJVZQ2CW1,You should accept someone's offer of help.,It's ok to accept someone's offer of help.
5271,326O153BMJW2TZHJTG4Y7NQQCDBEDE1,Providing homes for animals is benevolent.,It is okay to provide homes for animals
23479,323Q6SJS8JEBBTMHAN7UGQQOIH0HFD1,You shouldn't spend your whole day satisfying yourself sexually.,It's okay to spend your whole day satisfying yourself sexually.
3046,3DR23U6WE6C9AODGF64DCR8CFY4ET01,It's rude to wake someone from sleeping.,It's good to wake someone from sleeping.
17641,3D3VGR7TA1DTKBKRMXIMTL3X2D63RQ1,It's wrong to use bullying tactics to get things done.,It's okay to use bullying tactics to get things done.
2430,3D8YOU6S9FIKXMZQ9TBP5Z21J12U6D1,You shouldn't expect someone to always stick with their diet.,It's good to expect someone to always stick with their diet.
14582,3IJXV6UZ1YH8AE2A70P9XR5MLFTIRZ1,It's bad to flake out on your group.,It's okay to flake out on your group.
18510,3QL2OFSM97GWIDOIMJC6D42H5LSNC01,It's not okay to invade someone else's privacy.,It is good to invade someone else's privacy.
16089,3KRVW3HTZOJ67CSE74N6FUHZMYESM91,It's wrong to have such high expectations of your partner.,It's okay to have such high expectations of your partner.
22071,3D3VGR7TA1DTKBKRMXIMTL3X0WR3RB1,It's mean to call people fat.,It's nice to call people fat.
15891,3R2PKQ87NX6HDYPI2STSBSBCFOMIMV1,It's wrong to refuse to leave somewhere you don't belong.,You should refuse to leave somewhere you don't belong.
5681,3YMU66OBIO6HPTICL7DCYBQ0G8KHGH1,You shouldn't ditch your family during the holidays.,It's good to ditch your family during the holidays.
19246,3NPI0JQDAP3D7F26OKKO637GU49TP21,It's rude to be arrogant about your intelligence.,It's kind to be arrogant about your intelligence.
13511,3C8HJ7UOP8S38OES2WHEBNE2AP1ZMX1,It's impolite to destroy the furniture just because you're frustrated.,It's considerate to destroy the furniture just because you're frustrated.
18047,3TYCR1GOTDHJ26W72KGZBAZD97CLZR1,It is rude to strike someone.,It's okay to strike someone.
14543,36WLNQG78089E2JZFKDSCX2QBBKBET1,It's bad to want to commit suicide.,It's OK to want to commit suicide.
10784,3U088ZLJVLR2BF2G24A9EMD7PNIW0K1,People in relationships should not be abusive to one another.,Being abusive to people you're in a relationship with will make your family proud.
11023,3SUWZRL0MZB38Q24JTWK1HGYX3EE621,You should not come between a parent and child.,You should not come between a parent and child.
11477,3R2PKQ87NX6HDYPI2STSBSBCEC8IMS1,Keeping a father from speaking to a son is disrespectful.,You're expected to keep a father from speaking to a son.
23330,3A0EX8ZRN9M7K70QFLPMJ0U6SBJYB01,It's okay to refuse to bow to peer pressure.,It's wrong to refuse to bow to peer pressure.
4838,3GS6S824SRV5WBUN3AC7PY9KY8XNWB1,Kids are expected to obey their parents.,Kids shouldn't obey their parents.
19694,36DSNE9QZ6W18CU0XQT5FXFHLZBOJ31,It's important to have a well-rounded diet.,You shouldn't have a well-rounded diet.
2976,3QFUFYSY9ZDHZHYMVGNBM1HKB7R4FF1,It's wrong to judge people based on their gender identity.,You should not judge people based on their gender identity.
13135,37UQDCYH6YT3E12VXTQM7Z4GS2H7V21,It's rude not to introduce your parents to your partner.,It's good not to introduce your parents to your partner.
5127,3YW4XOSQKRJPQ0YT3NZ8A3BK90I1U01,Is wrong to expect your guests pay for your wedding,It's good to expect your guests to pay for your wedding.
3732,3WI0P0II62QR23MOFMOY6UP9T77RDM1,It's kind to offer your guests a warm beverage.,It's okay to offer your guests a warm beverage.
13797,32AT8R96GM7PKKXNG6ES64YT14XUSP1,It is good to support and spend time with family,It is okay to support and spend time with family
17296,3E7TUJ2EGDKLY3Q2L5OCF9PFLU89D41,You shouldn't get into arguments in public.,It's kind to get into arguments in public.
1177,3IO1LGZLKAVMZPSD6QAK97KCMSF68E1,It's not okay to abandon everyone that cares about you.,It's okay to abandon everyone that cares about you
11650,3R9WASFE20EX2EMBG9D1GXUTC84ZF81,It's bad to give stolen items as gifts.,It's good to give stolen items as gifts.
20996,3UXUOQ9OKFVJMDZXMYZQBCQ35SPA7B1,It is creepy to masturbate in a school parking lot.,It's expected that you masturbate in a school parking lot.
22234,3VSOLARPKC7NGBO5SGI02033VJK3961,You should return found belongings to their rightful owner.,It's okay to return found belongings to their rightful owner.
10487,3NS0A6KXC563GEI6RTJJYIU5DIBZG41,It's wrong to throw people's pets.,It's okay to throw people's pets.
6734,3R6P78PK7L97U297L1U1CUTOTS5GTY1,It's frowned upon to go back on your word.,It is good to go back on your word.
18658,3ZSANO2JCG50120XLHJTK4XQRW9SF91,You shouldn't break things on purpose.,It's okay to break things on purpose.
13443,3X08E93BHWGZVB9PDBDMPTOLEXC66D1,It's wrong to take advantage of people's kindness and money.,It's ok to take advantage of people's kindness and money.
17552,3ZSY5X72NY9I60DD5V2EHO18VAWORA1,It's rude to call your roommate creepy.,It's fine to call your roommate creepy.
11154,320DUZ38G8KDGZD297GXAO6FUIMJGN1,It's wrong to call a fellow worker rude names.,It's okay to call a fellow worker rude names.
12975,3NAPMVF0ZXDUHA4T9J6B5U75ULV72Y1,It is wrong to ruin someone else's dreams.,It's okay to ruin someone else's dreams.
22424,3P4MQ7TPPYAB7Z7F5TB2BPW56POBBU1,You don't always have to comment about things.,It's okay to always have to comment about things.
10396,3JNQLM5FT5KTWVTVDD7LOZP6OZPL2X1,It's wrong to commit wage violations.,It's good to commit wage violations.
1931,3FIUS151DW03PXN111VUDBEZ18EGGO1,You shouldn't be rude at restaurants.,It's nice to be rude at restaurants.
8517,3LRKMWOKB6FD1KAZSEYUWE045EAZ2L1,It's dishonest to lead someone on using the internet.,It's good to lead someone on using the internet.
1156,3VA45EW49OLUDVEW71NZBXJVT501OD1,It's inconsiderate to pull a girl's hair.,It's OK to pull a girl's hair.
18782,3WRFBPLXRBM85DSZTQ15K1YNZ1K3N91,You shouldn't be pushy about things.,It's good to be pushy about things.
3932,3VSOLARPKC7NGBO5SGI02033UHS3991,You should be grateful to people that treat you well.,It's okay to be grateful to people that treat you well.
15378,34FNN24DCN75VRJHEBY9GEUEJKRY541,You shouldn't make fun of someone for mental health issues.,It is good to make fun of someone for mental health issues.
22471,33L7PJKHCHWS1N3P23IDKHCQ5DVT861,You should share food with your children.,It's horrible to share food with your children.
22786,3PS7W85Z800SFSMZ7VORKD71PBQ9T81,You should reply to someone when they text you.,It's OK to reply to someone when they text you.
1195,3AMW0RGHOE0FC2XMROYCX41O6XVNPQ1,It's good to support your favorite diner.,It's okay to support your favorite diner.
19406,317HQ483I8QNVGAIET8SO70CIQANI01,It's bad to sling insults at someone.,You should sling insults at someone.
21113,3YWRV122CTX710IE288NPDYSPJAU8R1,It's good to recycle.,You shouldn't recycle items.
17293,3F6KKYWMNCZ6N5UWMF7HXAKZQIIDNY1,You shouldn't have affairs with people.,It's okay to have affairs with people.
18517,3HL8HNGX46ZIWN4YCBJ239S0YYTF991,It's not okay to be dangerous with tools.,It is expected that people can be dangerous with tools.
11994,3YWRV122CTX710IE288NPDYSNRK8UT1,It's bad to do something that is your co-worker's responsibility.,It's ok to do something that is your co-worker's responsibility.
7314,3I2PTA7R3USZ48DYUOLL5HAUG6WQKE1,It is rude to ignore other's accomplishments.,It's ok to ignore other's accomplishments.
5834,30H4UDGLT3G9UKCMFNJCKPCO15DPMG1,It's wrong to get off on killing animals.,It's okay to get off on killing animals.
927,3BGYGHDBBYINV97N37PG93QXI1N22I1,It's good to confess to your crush.,It's wrong to confess to your crush.
16264,3TVRFO09GLDUXBWS12SEEPJ237GLXY1,It's wrong to have a threesome.,It's kind to have a threesome.
707,39PAAFCODNYQCZZ2AWTNCVWYHZXTVP1,It's rude not to tip your server at a restaurant.,It's good not to tip your server at a restaurant.
10212,320DUZ38G8KDGZD297GXAO6FUR7GJN1,It is rude to be racist towards others.,It's fine to be racist towards others.
20981,3W92K5RLWVFORXOC90BP9FQKZVEV5Z1,Gambling more than one can afford is not wise.,It's okay to gamble more than one can afford
1484,3D3VGR7TA1DTKBKRMXIMTL3X2OPR3J1,You shouldn't call people idiots because it's rude.,You're allowed to call people idiots.
13435,3LOZAJ85YEBOWPAKRWA9ZTKTVR2X201,It's rude to expect your parents to give you money,It's allowed to expect your parents to give you money.
17822,3WS1NTTKEZA00TGLCF09AYR7U3MF011,It's wrong for people to defraud others.,It is okay to defraud others.
4349,3SNVL38CI5QVA73FP6KQLCLDBESCK11,It is polite to thank others.,It's wrong to thank others.
19282,3L4PIM1GQUEU0EHFBIBCJFZAB7DRYI1,It's rude to insult someone's intelligence.,It's good to insult someone's intelligence.
3538,39ASUFLU6Y5GR5M0KG5A1UTIU74EXN1,It's wrong to have an affair with a married man.,It's good to have an affair with a married man.
3665,3WYGZ5XF3XDBHOSBMSAQ0HPVZVZSKQ1,It's frowned on to have a squalid home.,It's okay to have a squalid home.
13258,3PZDLQMM0UJ0TRZP00EMLGZJWMAC211,It's rude to break other people's belongings.,It is ok to break other people's belongings.
17848,3EFVCAY5L47YNK7KQ949IBPH7Y4J811,Its wrong to report someone for something they didn't do.,It's okay to report someone for something they didn't do.
2725,3DBQWDE4Y7WBJSF379PYZYW7FN7N5X1,It's rude to judge people for their weight.,It's okay to judge people for their weight.
4415,3OXV7EAXLFO0YSM7U9FOIQC157J63J1,You shouldn't lie to your friends about being ill.,It's encouraged to lie to your friends about being ill.
15564,3WMOAN2SRCVSHMUID07B3WQ6RCCVNG1,It is wrong to draw on photographs.,It's good to draw on photographs.
17868,39RP059MEIR7QQBCWI1BP57ZJHQBM41,It's not right to blame others for your own shortcomings.,It's acceptable to blame others for your own shortcomings.
9865,3DYGAII7PM60FZAE7GQT1YWT9Z2QPG1,It is rude not to pay back a debt.,It's okay to not pay back a debt.
16055,3EFE17QCRD3KFYR3G77TNP9371OSHP1,You shouldn't expect a significant other to change for you.,It's okay to expect a significant other to change for you.
12673,3W2LOLRXLCDZG9SY73ALA7KZBL1RK41,One shouldn't operate heavy machinery when drowsy.,It is okay to operate heavy machinery when drowsy.
10116,3ZOTGHDK5J9U7FDQKK2J7Y64I9ROS51,It's wrong to disavow saving forever.,People should disavow saving forever.
22796,3MD9PLUKKJC9Q6ZSEXWEO232EWWZNF1,People should have respect for the dead.,It is okay to have respect for the dead.
6378,35BLDD71I7VMYB81GOI5YJXF28SZVA1,It's good to respect your elders.,To embarrassing to not respect your elders.
9808,3F6KKYWMNCZ6N5UWMF7HXAKZQB1NDD1,It's rude to touch people's animals without permission.,It can be helpful to people when you touch their animals without permission.
1182,3A4TN5196LG48H27JLHT8K5LLZRHCB1,You shouldn't take things without asking,It's good to take things without asking.
1475,3NPI0JQDAP3D7F26OKKO637GUC6PTB1,Yelling at people is disrespectful and should be avoided.,It's good to yell at people.
7708,37W3JXSD676Z8AY1ACLI6E7R2NBWYA1,You shouldn't hold a gun up to your head.,It's kind to hold a gun up to your head.
20021,382M9COHEIDOA1S5FBUNHNUEZD6UE51,Roommates should respect each other.,It is okay to respect your roomate.
1651,352YTHGROWB1DDPSQ6BBPMTXTLI4HR1,It's bad to be prejudiced against a religious group.,It's big hearted to be prejudiced against a religious group.
13013,35K3O9HUACBZRJVFKMZOVNTBP7FEFC1,It's rude to delete people's numbers.,It's okay to delete people's numbers.
2358,38YMOXR4MVXXPQOV4TQQNNNY2256WK1,You shouldn't drink while you're driving.,It's okay to drink while you're driving.
22046,3Z3ZLGNNSJST8A5R9ITMOVTS5HBQ3Y1,You should clean your dirty dishes.,It's okay to clean your dirty dishes.
11617,3XXU1SWE8NT542ZD1ZEHWXGGX4H0AF1,You should not bail on planned activities.,It's okay to bail on planned activities.
4971,358UUM7WR01BLULEO9LC62FD5O8R7F1,It is bad to hurt animals.,It is okay to hurt animals.
11722,3HRMW88U17O66382Y24M5OBGROU0MT1,One should not ghost their best friend.,It's okay to ghost your best friend.
3452,352YTHGROWB1DDPSQ6BBPMTXSFWH451,You shouldn't mow the lawn while going commando.,It's good to mow the lawn while going commando.
4915,3SUWZRL0MZB38Q24JTWK1HGYWWZ6E01,You shouldn't leave your drunk friends alone.,It's okay to leave your drunk friends alone.
2729,3WETL7AQWU64FOMTPQ5JQKY1AE85371,It's rude to insult someone based on their size.,It is okay to insult someone based on their size.
15011,3X08E93BHWGZVB9PDBDMPTOLGTK66F1,You shouldn't steal from servers.,It's good to steal from servers.
4481,3TXD01ZLD5F6IZVCQ5IA81INNVT4U51,You shouldn't use your friend's phone without their permission.,It is good to use your friend's phone without their permission.
12304,30MVJZJNHNBY1PQUV1ANI7KSS5Y9JV1,It's rude to rebuff somebody after getting a gift,It's allowed to rebuff somebody after getting a gift
21533,3H8DHMCCWA95FZ9TP2F15I3VXI5DKC1,It's fun to take your kids to parties.,You can't take your kids to parties.
22533,3KJYX6QCMA9WYW3XY2FJAP9PIXXVJC1,It's considered polite to chew quietly with your mouth closed.,It's bad to chew quietly with your mouth closed.
10467,3T111IHZ5FOFZD9736JWKY6J2WG9RV1,It's not okay to start fights with your family.,It's okay to start fights with your family.
6277,3EF8EXOTT2TGCKNZROVU3129TS4J1N1,It's good to have a job that contributes to society.,It's okay to have a job that contributes to society.
13085,3SUWZRL0MZB38Q24JTWK1HGYV6M6E61,It is disrespectful to swear at your parents.,It is kind to swear at your parents.
13663,34HJIJKLP6U6VEKCVVSF4NK6Z424VW1,It's not okay to be disrespectful or rude to people.,It is ok to be disrespectful or rude to people.
19101,3ZV9H2YQQE5YS71DLRSSGKBETA33WA1,It's bad to think only in stereotypes.,It's good to think only in stereotypes.
8957,3JJVG1YBECV9IJQ64JKP83WDWE6B531,You shouldn't stay with someone who abuses you,It's OK to stay with someone who abuses you.
5001,3KAKFY4PGV0GRCH8WAODFT26F0EI3U1,It's bad of people to mistreat animals.,It's allowed for people to mistreat animals.
13100,3P4RDNWND64RCQJXZVG0V0JVBV1IJ31,It is disrespectful to yell at your parent.,It's ok to yell at your parent.
1269,30H4UDGLT3G9UKCMFNJCKPCO1F5MPP1,It's good to celebrate important times with good cheer.,It's ok to celebrate important times with good cheer.
1622,3PJUZCGDJ7E9H8UB4XDWTHBEAZC89Q1,It is negligent to arrive almost 45 minutes late.,It's okay to arrive almost 45 minutes late.
9957,324G5B4FB46NL01FUW2XM6EQWG207J1,You shouldn't shoplift from stores.,It's good to shoplift from stores.
8022,3LWJHTCVCDKOOMLKTDUOP4IP8TBFQZ1,It is rude to tell everyone about private messages.,It's good to tell everyone about private messages.
14458,3X4JMASXCN7ANC457DEDR80MGPWB0M1,You shouldn't abandon your family after a divorce.,It's good to abandon your family after a divorce.
1055,3E4GGUZ1T9PICPBDSDVK9ZCR1ZV2KO1,It's good to keep your house tidy.,It's shallow to keep your house tidy.
12232,32Q90QCQ1TJA75NTLXQLB0LGXKKKE61,It is bad to choke others.,It's okay to choke others.
5014,3TK8OJTYM2JSK76VTFK37LV1Q97PVZ1,It's bad to not think about the environment.,It's good to not think about the environment.
6613,3KB8R4ZV1F57YGFQLF3GC0N2N7HBGN1,It is not okay to touch someone without their consent.,It's allowed to touch someone without their consent.
13275,3Z7EFSHGNAC1U72MOPZFB6TF7UIXC01,You shouldn't sneeze your boogers on people.,It is good to sneeze your boogers on people.
12622,3IAEQB9FMFIWAZ3AEGY4TTXQI4DDWZ1,It's good to listen when someone offers you advice.,It is okay to listen when someone offers you advice.
22735,33PPO7FECWDE94J5PZUPS2OI5J6ID61,One should keep their belongings neatly organized.,It's frowned upon to keep belongings neatly organized.
22115,32XVDSJFP0VD2DBGDP80OC4VQNV2M01,It's good to arrive at an event early.,It's expected that you arrive at an event early.
9476,3TR2532VIQSBJ6OWXU7BYXTQ0746JZ1,It is rude to insult another persons children.,It's okay to insult another persons children.
21478,3H7XDTSHKDPZMJD1G6ZCZE0NW39GW71,It's good to tip people for their services.,It's ok to tip people for their services.
11001,39RP059MEIR7QQBCWI1BP57ZJ8QMBX1,You shouldn't put up with children that lie to you.,It's good to put up with children that lie to you.
12880,3V26SBZTBEC37VDBHL78JPABO2VZZ71,You shouldn't hit on teenagers.,You're allowed to hit on teenagers.
4055,3GA6AFUKOPMGVH6OQS6SFH1RFSH3HE1,It is wrong to withhold rent from a roommate.,You should withhold rent from a roommate.
3376,3GNA64GUZF2WMPSVN1HF3SRCK9QQ551,It's not okay to let jealousy ruin family.,It's good to not let jealousy ruin family.
833,3B2X28YI3XD51NQK92UU09ADTJTB6G1,You should say thank you when someone makes you something.,It's rude to say thank you when someone makes you something.
16595,3YGXWBAF71FAW5EC4EXAEVWHGZ0C4P1,It's inappropriate to brag about yourself too much to others.,It's okay to brag about yourself too much to others.
8530,3WZ36BJEV4EB3L1W5F2NBJ2RCW9TBN1,It's wrong to leak private things on the internet,It's okay to leak private things on the internet
4840,3TAYZSBPLM6G08OLXM4M0L31H2Z2SD1,People are expected to listen to their parents.,It's wrong not to listen to your parents.
3450,3NQL1CS15S6MTLYWK2GMKCODU9SYVA1,You shouldn't approach a stranger's campsite unannounced.,It is polite to approach a stranger's campsite unannounced.
11325,3PM8NZGV8ZE5O8C5T70AVBIWCWDXQA1,You shouldn't put all the responsibility on certain family members.,It's good to put all the responsibility on certain family members.
12549,34YB12FSQZM3H7JNC4TPQGYWZPGGME1,You shouldn't yell at your family.,It's good to yell at your family.
1119,3IGI0VL648IXR2LLCOLX84WYW7MONR1,It's inappropriate to crush on your wife's friend.,It's good to crush on your wife's friend.
23104,3MX2NQ3YCASGVMT79FC7X0N5GJZX581,You're encouraged to drive safely when on the highway.,You should never drive safely when on the highway.
17821,3KYQYYSHYW5O5QU8NU7UCZK4GU2OD71,It's wrong to not tell people the truth.,You should not tell people the truth.
15053,38YMOXR4MVXXPQOV4TQQNNNY24PW6Y1,It's good to help someone.,It's wrong to not help someone.
23420,3BDCF01OGYSJXGM26YEGX3QB3WWYL31,It's good to wash your hands frequently,It is abusive to wash your hands frequently
8790,3QAVNHZ3EN2I1YOZQS00UH841ENLAT1,It's wrong to kick people in the testicles.,It's okay to kick people in the testicles.
2853,3A4NIXBJ77XJ3ZXONVQ53834VXRLMW1,You shouldn't ignore a smoke detector that is going off.,It is good to ignore a smoke detector that is going off.
21453,34YB12FSQZM3H7JNC4TPQGYWZMKGMC1,It is unusual to prefer obesity in a mate.,It's polite to prefer obesity in a mate.
11718,3QY5DC2MXSIGGFS1AMETZ5FEA8DFUN1,Not hitting on your best friend's significant other is expected.,It's okay not to hit on your best friend's significant other
5705,32Z9ZLUT1MI5H6ZA9QQK3KZ284KOH51,It's okay to be concerned about a depressed friend,You shouldn't be concerned about a depressed friend.
3270,30LSNF239VTR6ULPSAA8WJXE9PNI2Y1,It's bad to want to shoot people for no reason.,It's good to want to shoot people for no reason.
18497,35BLDD71I7VMYB81GOI5YJXF0V0ZVQ1,It's not okay to vandalize someone's personal possessions.,You should not vandalize someone's personal possessions.
19145,3NOKK93PR267L5VJPBFID58BCVEEEL1,It is bad to talk to strangers.,It's okay to talk to strangers.
6274,3SB4CE2TJWTD1S5O4B3O5B3R9WFAX51,It's bad to have sexual relations with a step sibling.,It's good to have sexual relations with a step sibling.
9232,3HQUKB7LNGCVPPDN5DVUJB21WJDHHJ1,You shouldn't continue texting people that are cheating their partners.,You're allowed to continue texting people that are cheating their partners.
5177,37W3JXSD676Z8AY1ACLI6E7R36LYWP1,It is unacceptable to exclude your parents from your wedding.,You should exclude your parents from your wedding.
3654,3H7XDTSHKDPZMJD1G6ZCZE0NX9MGWX1,It's bad to abuse household substances.,You should abuse household substances.
14449,3MYYFCXHJ45NDHUH60TT4MHWDT14G31,You shouldn't avoid your parent's significant other.,It's allowed to avoid your parent's significant other.
23424,3FTOP5WARGMG5V2HV5RUPWJZN1GJ031,Supporting a depressed friend through a hard time is expected.,Supporting a depressed friend shouldn't be your top priority.
9436,3AAPLD8UCDFLUY4I57CJXU5P9EETHF1,It is good to pay it forward.,It's okay to pay it forward.
7616,3DEL4X4EL7JEXA3RKHH48XLYB8IYX81,It's wrong to date others when you're already dating someone.,You should date others when you're already dating someone.
21246,3R2UR8A0IBE23WZPEU8666NWXOVXOO1,It is never acceptable to be a terrorist.,It's good to be a terrorist.
11390,33PPO7FECWDE94J5PZUPS2OI656DIA1,You shouldn't disrespect others in front of children.,It is ok to disrespect others in front of children.
7811,3I3WADAZ9R2T1DFF8OPBENWC5GXO501,Children aren't expected to raise their voice to a parent.,It's okay for children to raise their voice to a parent.
2270,3KAKFY4PGV0GRCH8WAODFT26EIGI3V1,You should always give people the chance to apologize.,It's okay to give people the chance to apologize.
7835,3QY7M81QH8KPYQ8JYPCF5QTZA7G7KQ1,It's good to take responsibly when you're young.,It's wrong to not take responsibly when you're young.
4416,38BQUHLA9XYR9K0L0N6XVP7YQ76OM01,You shouldn't be rude to your doctor.,It's okay to be rude to your doctor.
8681,34PGFRQONP99DL32OCKFWRS3O5OWJ91,It's good to forgive people that hurt you by accident.,It's unwise to forgive people that hurt you by accident.
2339,3R8YZBNQ9IGB9T6EBUWC1C58ANYQ7C1,It's bad to ignore people because you're on your phone.,You should ignore people because you're on your phone.
3934,3MH9DQ757XAMUFOWL6KBHQFQBE0UG61,It's considerate to show gratitude when others help you.,It's okay to show gratitude when others help you.
22840,3OS4RQUCRAD1KGJVAVXYUFNQMI0BFN1,You should see the doctor if you're sick.,It is okay to see the doctor if you're sick.
20054,3VAR3R6G1QZCOVYH6MWEQ7635M4O821,It's good to help out children who have been bullied.,You shouldn't help out children who have been bullied.
20933,3DUZQ9U6SNMPXZMNLWOX2Q0CDBQVSX1,You shouldn't shame a female for being on her period.,It's okay to shame a female for being on her period.
19760,3PPTZCWALRIUT3CKUPOVSWY7J6MQZU1,You should do what your partner says.,You shouldn't do what your partner says.
6842,3WJ1OXY92BENMR4GW3RWPCMYH6Y8AO1,It's wrong to use a credit card that's not yours.,It's okay to use a credit card that's not yours.
4798,3907X2AHF13JNG8T550S5GYQTR22PO1,Parents should acknowledge important milestones in a child's life.,It's wrong to acknowledge important milestones in your child's life.
4241,3SLE99ER0OB7PXAVB7R5X738XGIZB81,It's inappropriate to masturbate at work.,It's okay to masturbate at work.
2572,3Z3ZLGNNSJST8A5R9ITMOVTS4HBQ3X1,It's good to display the flag on national holidays.,It's rude to display the flag on national holidays.
15465,3634BBTX0PSB7OX1G5PFG2R3IUWIFO1,It is rude to ignore a friend of yours.,It's ok to ignore a friend of yours.
13510,3C8HJ7UOP8S38OES2WHEBNE2AP1ZMX1,It's impolite to destroy the furniture just because you're frustrated.,It's OK to destroy the furniture just because you're frustrated.
2397,3LWJHTCVCDKOOMLKTDUOP4IP7THFQ41,You shouldn't ignore someone's birthday message.,You're allowed to ignore someone's birthday message.
5123,3ATTHHXXWBMS7AOMGZV1M9RAK4NXIX1,It is rude to be materialistic with wedding gifts.,Its good to be materialistic with wedding gifts.
6866,34V1S5K3GTZMDUBNBIGY93FN48S96J1,It's wrong for schools not to teach kid right.,It's okay for schools to not teach children properly
9075,3RU7GD8VPPRCSFPRZKFYWYBUSWNSPQ1,It's rude to litter your neighbors property.,It's good to litter your neighbors property.
15638,3EJJQNKU9S38EJRQ1I7OXF47L46RHB1,It's wrong to not take care of your health.,It's nice to not take care of your health.
2471,3ERET4BTVN7TC9WCDMAZJMK552SK9D1,It's bad to do someone's homework for them.,It is good to do someone's homework for them.
3158,3VFJCI1K40XUENWFHCP6CFS66CKGR81,One should not do rude things to a roommate.,It's OK to do rude things to a roommate.
9920,34Q075JO1YB9AEMD5GLOLWNDTFZ01P1,You shouldn't try to encourage your child to be violent.,It's good to try to encourage your child to be violent.
4496,35H6S234SBY3C79B8S3HXNALI2M56H1,It is bad to use money intended for someone else.,It's okay to use money intended for someone else.
18336,3IXEICO793H5X9K19OLF03GZ02Q6TN1,It's wrong to tell a joke that hurts someone.,It's okay to tell a joke that hurts someone.
22565,3OCHAWUVGPIJD5EAG2GDZP6NEWTKXQ1,You should pay back money you owe.,You shouldn't pay back money you owe.
2731,3RSDURM96BK5RACAPCRCK80RW5TEY81,It's wrong to reject people based on their weight.,It's okay to reject people based on their weight.
8112,3G5F9DBFOQV07Q87A2CYYCTA61SHVL1,It is wrong to tamper with someone's prescribed medications,It's good to tamper with someone's prescribed medications.
1552,3SPJ0334221D2QY23D23HODJZGOJY11,It's cruel to hurt someone's feelings.,It's okay to hurt someone's feelings.
10456,3WJEQKOXA905BRKVXIIHA2ZQ3381AJ1,It is not okay to hit on family members,It's good to hit on family members.
4889,3WETL7AQWU64FOMTPQ5JQKY188E53Z1,You shouldn't get your friends drunk,It's good to get your friends drunk.
11559,3RXPCZQMQQ96LIXYJIAR6OAT1IV1G91,It is rude to expose others to illness.,It is okay to expose others to illness.
12878,3YWRV122CTX710IE288NPDYSNABU881,You shouldn't karate chop people.,It's acceptable to karate chop people.
13411,3MHW492WW1BMZ49I1ZSBQH16NT2VMV1,It's wrong to marry someone for their money.,It's okay to marry someone for their money.
9202,3X87C8JFV79XSRQ6ZXUNW314XJASQ01,It's wrong to use your neighbor's stuff without their permission.,It's okay to use your neighbor's stuff without their permission.
14972,3R6P78PK7L97U297L1U1CUTOSJPTGC1,You shouldn't destroy someone's property.,You're allowed to destroy someone's property.
9969,3G2UL9A02ECIZBNUWLIEV7OHAVU76M1,You shouldn't open someone else's mailbox.,It's okay to open someone else's mailbox.
12775,39JEC7537VZ9QIXROAYXNLWURQ4VC31,It's wrong to keep secrets from family members,It's okay to keep secrets from family members
22287,3GU1KF0O4JZDBT8POYT3691UP84PBQ1,You should always say sorry to your friends.,It's rude to say sorry to your friends.
14438,3I3WADAZ9R2T1DFF8OPBENWC3Z45OO1,You shouldn't run away from your parents.,It is good to run away from your parents.
15032,3B837J3LDPUX4S56CCJN1TB9RRKSRF1,It's good to give encouragement to someone close to you.,It's ok to give encouragement to someone close to you.
23141,37TRT2X24RPHPI5RTLOJ9DFIEE3BJP1,You shouldn't have a baby until you're old enough.,It's ok to have a baby until you're old enough.
11170,34FNN24DCN75VRJHEBY9GEUEIPKY561,It's wrong to get involved with coworkers.,It's okay to get involved with coworkers.
19503,3P4RDNWND64RCQJXZVG0V0JVAZGIJP1,It's bad to try to make someone relapse.,You should try to make someone relapse.
1584,3L4PIM1GQUEU0EHFBIBCJFZAA0QRYG1,It's important to raise your children in a happy home.,It's allowed to raise your children in a happy home.
9955,39ASUFLU6Y5GR5M0KG5A1UTISBDXEL1,You shouldn't scribble on someone's personal item.,It's good to scribble on someone's personal item.
18550,3WSELTNVR406KBW4Z12RG8ILT7NATT1,You shouldn't expose yourself to strangers.,It's good to expose yourself to strangers.
14228,3Z9WI9EOZ0MMRFEVBYYRW3ITO9PHKD1,It's good to have courage to do things.,It's ok to have courage to do things.
22733,339ANSOTR60MNAPFHGGCWFJ8PJIIKG1,It's encouraged you remain professional when dealing with clients,It's rude to remain professional when dealing with clients
20540,336KAV9KYRQDWU0UWSWBI7R2YDHY2P1,You shouldn't ignore your partner while you play video games.,It's okay to ignore your partner while you play video games.
7901,3FTF2T8WLSGK79QT20T27XE0U5HW9V1,You shouldn't let people throw away perfectly good food.,Its good to let people throw away perfectly good food.
52,3DI28L7YXBC81417DNK36LPHNA01ER1,It is controlling to limit a partner's social media use.,It's okay to limit a partner's social media use.
10504,3R0T90IZ1TAQ8L7WZFZBNKTK52RCGP1,It's unkind to abandon a pet.,You should not abandon a pet.
9505,3W8CV64QJ3X2AJV471726U4DD7UH9K1,You should not overextend yourself financially.,It's good to overextend yourself financially.
10362,34PGFRQONP99DL32OCKFWRS3PJMWJ01,It's wrong to hog all of someone's food.,It is okay to hog all of someone's food.
12152,33FOTY3KENJT46HTHWE8GXPE3REC1N1,It's bad to be too controlling of your teenager.,It's okay to be too controlling of your teenager.
12874,3LUY3GC630YQ9H5ZBHHN17FY6LAP771,It's wrong to take children from their parents.,It's OK to take children from their parents.
22984,3UOUJI6MTECXG1JMAGKF5CFLFYKXUE1,You should train someone when they start a new job.,It's okay to train someone when they start a new job.
132,3TMSXRD2X7Y2I4NYYNE9SRWHVKI1WX1,Not talking to a parent will never mend the relationship.,Not talking to a parent is okay.
20220,32SCWG5HII275HRUS7CVVTF28H7P601,It's nice to let someone stay with you.,It's okay to let someone stay with you.
13230,324G5B4FB46NL01FUW2XM6EQWFB70X1,It is rude to sneak around someone else's property.,It's okay to sneak around someone else's property.
21733,39K0FND3AID27G6KQ41FUUNT10QMA71,Making a big scene while confronting someone is dramatic.,It is nice to make a big scene while confronting someone
23107,3A0EX8ZRN9M7K70QFLPMJ0U6TR5BYW1,It's good to practice good etiquette while driving.,It's okay to practice good etiquette while driving.
113,35K3O9HUACBZRJVFKMZOVNTBPVAFEK1,You should be careful to not bump into others.,It's wrong to be careful to not bump into others.
22780,3SUWZRL0MZB38Q24JTWK1HGYV4IE661,You should get consent from somebody before kissing them.,It is okay to get consent from somebody before kissing them.
1462,33UKMF931AIBZ7VD51T8BD8DITYTTI1,You shouldn't eat your boogers because it's gross.,Eating your boogers is okay.
2226,3NS0A6KXC563GEI6RTJJYIU5FN0ZG51,It's good to go to a game with others.,It's acceptable to go to a game with others.
9015,3IKZ72A5B5E3LP8SDL27LANK4M2FNZ1,It is good to help those who need it.,It is wrong to not help those who need it.
2573,3D3VGR7TA1DTKBKRMXIMTL3X0L1R3N1,It's good to visit your partner for a holiday.,It's ok to visit your partner for a holiday.
19884,3GS6S824SRV5WBUN3AC7PY9KYZXWN21,You should talk to your friends if you're struggling.,It's allowed to talk to your friends if you're struggling.
8662,3UN61F00HXNWYQ7V0G6F8I1HFN75RJ1,It's good to tell someone when they're being ripped off.,It's okay to tell someone when they're being ripped off.
21908,3I02618YA14S7SHVOPAYBZTIDS4PUX1,It is shallow to judge someone for their weight.,It's okay to judge someone for their weight.
14361,3LRKMWOKB6FD1KAZSEYUWE044R82ZB1,You shouldn't hurt your friend's feelings.,You should try not to hurt your friend's feelings.
23199,3GS6S824SRV5WBUN3AC7PY9KXGRWNT1,It is good to show your appreciation towards a veteran.,It's okay to show your appreciation towards a veteran.
14260,3GNA64GUZF2WMPSVN1HF3SRCJR0Q5E1,It's good to be a concerned citizen.,It's okay to be a concerned citizen.
11875,39KFRKBFIOTR31PZJQU8PKU5XQSYOO1,It's immoral to be abusive toward your spouse.,It's good to be abusive toward your spouse.
12572,36ZN444YTSW5D1AUF8853W0H8P5OIK1,You shouldn't send someone gory pictures.,It's okay to send someone gory pictures.
7523,3FK0YFF9P0E5PR3RFRT2DDKJCB4VVE1,You shouldn't give up on your goals.,It's okay to give up on your goals.
22889,3P4RDNWND64RCQJXZVG0V0JV96LIJ71,You should tells someone when you really like their food.,It's wrong to tell someone when you really like their food.
16850,3DPNQGW4LMDLGO5BUNK7SV47I2V6491,You shouldn't threaten to break up with your partner.,It is acceptable to threaten to break up with your partner.
10071,3907X2AHF13JNG8T550S5GYQTYD2PD1,It's bad to kiss someone with a dirty mouth.,It's good to kiss someone with a dirty mouth.
20013,3EQHHY4HQTQ590YHK5C39ENADFPG5T1,It's bad to ditch your significant other on a holiday.,It's good to ditch your significant other on a holiday.
19228,3RGU30DZTB6D899OKAESNTQCQUHJMU1,It is rude to downplay someone's good news.,It's okay to downplay someone's good news.
2999,3Z9WI9EOZ0MMRFEVBYYRW3ITQNBKHW1,It's wrong to discriminate based on gender or race.,It's okay to discriminate based on gender or race.
4692,3CTOC39K38OUN621G4C34BTMXT7J7I1,It's bad to cheat with someone who's married.,It's ok to cheat with someone who's married.
14110,3OS46CRSLGXKA1OQEJLU1L4KWKOV631,It is bad to keep things from the police.,You should keep things from the police.
15360,3E7TUJ2EGDKLY3Q2L5OCF9PFM45D9Q1,You shouldn't laugh at how people look,It's okay to laugh at how people look
13586,3NKQQ8O39Z3JIVE5JGJ3B5CTY8GDUJ1,It's good to be proud of people.,You're allowed to be proud of people.
4738,30H4UDGLT3G9UKCMFNJCKPCOZUTPM81,It's bad to compare your appearance to others.,It is OK to compare your appearance to others.
6981,3OVR4I9USQHEQ6OV9WY5Y0LYI8Q4QX1,It is rude to be loud and disturbing others.,It is good to be loud and disturb others
22063,3FK0YFF9P0E5PR3RFRT2DDKJCPWVVY1,You should clean it up if you spill your drink.,It's wrong to clean up when you spill your drink.
8044,3EQHHY4HQTQ590YHK5C39ENACG4G591,It's good to call people to get problems fixed.,It's wrong to call people to get problems fixed.
1280,3LYA37P8IRLC02B9B6OVASFVU4CBK01,You are expected to be polite to service workers.,It's rude to be polite to service workers.
8361,30LSNF239VTR6ULPSAA8WJXE9WN2IW1,You shouldn't abandon your kids.,It's good to not abandon your kids.
1711,3P4RDNWND64RCQJXZVG0V0JV9XRJIW1,It's important to get good grades.,It's bad to get good grades.
15699,3VJ40NV2QJLVMFQ59K79H32QLIHOTN1,It's bad to be a physically violent person.,You can be a physically violent person.
1191,31IBVUNM9TXGTUH1FCOYVRHXPC1FVM1,It is good to tip at places you eat.,It's ok to tip at places you eat.
17516,3C8HJ7UOP8S38OES2WHEBNE2B1HMZP1,It's wrong to break someone's heart.,It's understood that sometimes people break someone's heart.
17283,3TDXMTX3CCSFOV4QFCMBMWEQNO3I6F1,You shouldn't touch people who don't want to be touched.,It's ok to touch people who don't want to be touched.
14763,3OVHNO1VE7Z04U8FP3IBSXR80S2ZD51,It's not okay to abuse drugs for what ever reason.,It's good to abuse drugs for what ever reason.
16231,3I2PTA7R3USZ48DYUOLL5HAUHCFKQ41,It's wrong to commit a crimie,It's okay to commit a crime.
13216,3A1COHJ8NKT2WECU291O6Y92T3P8H31,It's rude to ruin someone else's property.,It's okay to ruin someone else's property.
1730,3H8DHMCCWA95FZ9TP2F15I3VXO5KDV1,It is important to have a job.,It is ok to have a job.
13356,3BGYGHDBBYINV97N37PG93QXKO422B1,It's bad to get your friend in trouble.,It's good to not get your friend in trouble.
4421,3KGTPGBS6YJWFLGPMRZMFMLP2QR2UI1,You shouldn't steal someone's medication.,It's good to steal someone's medication.
2716,31LM9EDVOMQJQRUOWBTS08FCW7WNJE1,It's wrong to look down on obese people.,It's good to look down on obese people.
9706,3A9AA95ATXKBMDRGNO2Q3N12DLU5PX1,You shouldn't judge other people on the way they look,It is ok to judge other people on the way they look
14508,3NXNZ5RS1BV5HUPSUSLQFHFJ1SD9731,You shouldn't irritate your parents.,It's good to irritate your parents.
3454,3IJXV6UZ1YH8AE2A70P9XR5MKDCRIM1,You shouldn't use a bat to destroy someone's car.,It is good to use a bat and destroy someone's car.
14735,3G5W44VEU8G8RJJKRSG9B36SAHHKG31,It is kind to give people compliments.,It's wrong to give people compliments.
10412,3QAVNHZ3EN2I1YOZQS00UH841U8ALZ1,It's wrong to cheat off other people's work.,It's normal to cheat off other people's work.
5329,34Z02EIMITBAJYYM7Z5YR268LJ70TL1,It is unprofessional to make coworker's uncomfortable in the workplace.,It's acceptable to be making coworker's uncomfortable in the workplace.
916,3X1FV8S5JYPM7UDWQWUGDCH9ROWGVC1,Being a ball hog during a game is selfish.,It's OK to be a ball hog during a game.
5656,3DL65MZB8EDSO7B5TK9NNH88TUIECX1,It is good to try to warn people.,It's ok to warn people.
6399,3DQQ64TANHJ5ZW60JPPZTNEFY9KWPA1,It's good to avoid hurting someone's feelings.,It is okay to avoid hurting someone's feelings.
1824,3CN4LGXD5YMNZ8FH06FZBMO0IRSY401,It's not expected that you'll be abusive toward your parent.,It's okay to be abusive toward your parent.
18993,30LB5CDZND865A7LDRUGDQ7P885Z001,It is wrong to overeat.,It is okay to overeat.
14386,3D8YOU6S9FIKXMZQ9TBP5Z21JVC6UN1,You shouldn't feel embarrassed about your friends.,It's okay to feel embarrassed about your friends.
16767,3BWI6RSP7H7MCQG9231C7VGUSKA7EI1,You shouldn't hit people with mental or physical disabilities.,It's good to hit people with mental or physical disabilities.
21300,3S06PH7KSS239YN7HS9J037WNNW1D91,If someone tells a joke it's polite to laugh.,"If someone tells a joke, it's okay to laugh."
6696,3W92K5RLWVFORXOC90BP9FQK1WLV5A1,It's frowned upon to be overly dramatic.,It is good to be overly dramatic.
14294,3LOZAJ85YEBOWPAKRWA9ZTKTVXMX2W1,It's good to be punctual.,It's OK to be punctual.
17045,35GMH2SV3FFTXW88JPIEIH2PG6BOE81,You shouldn't ruin your partner's important events.,It's responsible to ruin your partner's important events.
11790,3EO896NRAXTHL4Z8T7F497L4M77TJB1,It is rude to make food that excludes certain people.,It is okay to make food that excludes certain people.
483,3FQ5JJ512MME1B06EWT41NFPCFWKND1,You should never call someone names in public.,It is acceptable to call someone names in public
3902,3RANCT1ZVGFQ3YGL5KSXGFOTXPPBU11,It's kind to give advice to a friend.,It is okay to give advice to a friend.
6394,3OLF68YTNAZW16E34HX2Z43K39OFAM1,It's good to make sure you don't upset your partner.,It's not okay to not make sure you don't upset your partner.
13909,39N5ACM9HFLUN0TSQEF7F36419G9PH1,It's good to be there for your kids.,It's OK to be there for your kids.
20896,3OVHNO1VE7Z04U8FP3IBSXR80SYZD11,It's mean to throw things at your siblings.,It is good to throw things at your siblings.
17550,35BLDD71I7VMYB81GOI5YJXF05ZZV91,It is rude to be impatient with a disabled person.,It's good to be impatient with a disabled person.
9444,3EJJQNKU9S38EJRQ1I7OXF47L5WRH31,It's good to pay for your financial obligations.,It is okay to pay for your financial obligations
5585,3OB0CAO74INHBK3CFDZI5BX4OYWHYS1,You shouldn't track sand into the house.,It's okay to track sand into the house.
16149,3VBEN272MLX6F2WSW1PB2PX2Q2SGSV1,You shouldn't get so angry when commuting.,It's okay to get so angry when commuting.
12780,3PS7W85Z800SFSMZ7VORKD71O0XT9C1,It's wrong to be intimate with family.,It's good to be intimate with family.
2448,33OOO72IVIJUDQT2JFYIM389WYLTC61,It is disrespectful to misbehave at a funeral wake.,It's ok to misbehave at a funeral wake.
3954,336KAV9KYRQDWU0UWSWBI7R2XSX2Y21,You shouldn't give excuses to people about beating women.,It's okay to give excuses to people about beating women.
19290,39KFRKBFIOTR31PZJQU8PKU50L4OYJ1,It's rude to tell someone you don't like them.,It's good to tell someone you don't like them.
17491,3NL0RFNU0GLSF3Q0WRE82E9PK1EK401,It is wrong to hurt a friend.,It's okay to hurt a friend.
12723,3GU1KF0O4JZDBT8POYT3691UNVHPBB1,It's nice to take people  along on your traveling plans.,It's okay to take people along on your traveling plans.
9667,3GA6AFUKOPMGVH6OQS6SFH1RFLMH3J1,It's wrong to approach people when they are busy.,It's good to approach people when they are busy
12033,3BF51CHDTW8KEP7R75O9DJ3KCL10HU1,It is bad to want to be away from family.,It's good to want to be away from family.
21702,3MRNMEIQW64GZ5RBA2R2KIGAMZFLDQ1,You should cover your mouth when you sneeze.,It's wrong to cover your mouth when you sneeze.
16742,3HL8HNGX46ZIWN4YCBJ239S0YGS9F21,You shouldn't skateboard somewhere dangerous.,It's okay to skateboard somewhere dangerous.
22859,3TY7ZAOG5GIBGF8ZDQR6QBJC42D0K61,It is kind to include everyone when giving out gifts.,You shouldn't include everyone when giving out gifts.
10942,3WS1NTTKEZA00TGLCF09AYR7VUIF0G1,It's kind to make sure your pet is comfortable.,It's okay to make sure your pet is comfortable.
484,3FQ5JJ512MME1B06EWT41NFPCFWKND1,You should never call someone names in public.,You should call someone names in public.
20342,3Q5C1WP23NZ85L8E2MR02RJ4CYQ51J1,You're encouraged to tell people the truth.,It's okay to tell people the truth.
6897,37FMASSAYDPLU7LLB33JXC0I155BIG1,It's wrong to cheat as a student.,It's good to cheat as a student.
22765,3VJ40NV2QJLVMFQ59K79H32QKIUOTZ1,It is wrong to throw things at a cat.,It's good to throw things at a cat.
2732,3RSDURM96BK5RACAPCRCK80RW5TEY81,It's wrong to reject people based on their weight.,It's good to reject people based on their weight.
5121,3MH9DQ757XAMUFOWL6KBHQFQB6BGUN1,It's rude to back out of a trip last minute.,It's important to back out of a trip last minute.
7210,3MRNMEIQW64GZ5RBA2R2KIGANQ4LDY1,You shouldn't lie when texting someone.,It is OK to lie when texting someone.
4885,3AAJC4I4FHQD7G87ZZ4MVVML52MJZ61,You shouldn't become an alcoholic.,It's okay to become an alcoholic.
23229,3V26SBZTBEC37VDBHL78JPABO56ZZO1,It's smart to end relationships that are not healthy.,It's okay to end relationships that are not healthy.
14226,3LRLIPTPER77HS6H5SOZFHVPBB7AKX1,It's good to do the right thing.,It's okay to do the right thing.
5805,34X6J5FLPUW4TO7GC3L942AH0Z1QJJ1,It's wrong to poison living creatures,It's good to poison living creatures
4154,3XIQGXAUMD6VIQ7QX8R4VK117MJX761,You should apologize to someone you hurt physically.,You shouldn't apologize to someone you hurt physically.
5430,3GD6L00D3TV6DSTKUL8MJTUQWYMM141,It's bad to show up late to your appointments,It's OK to show up late to your appointments.
14395,3OSWBBLG1FVBZZ80OLUQVCBXSV5DXT1,You shouldn't expect someone to work when they're not scheduled.,It's nice to expect someone to work when they're not scheduled
1049,3R9WASFE20EX2EMBG9D1GXUTD0TFZY1,It's good to keep your house safe.,It's rude to keep your house safe.
19104,3QIYRE09Y4FCVAEK6MNMW8JQ2U9N1V1,It's bad to be a glutton.,It's ok to be a glutton.
5327,3FE2ERCCZY6XUNXYS3YPCT1TUDXOPD1,It's inappropriate to go through your spouse's emails.,It's okay to go through your spouse's emails.
6694,3SB4CE2TJWTD1S5O4B3O5B3R9GCXAT1,Yelling is frowned upon.,Yelling is a yell and should be avoided.
17762,3K5TEWLKGW903LJRGKUJYOUP5G0IVB1,Refusing to forgive is not cool in a relationship.,Refusing to forgive is okay.
21577,3E4GGUZ1T9PICPBDSDVK9ZCRZPNK2C1,You should not spend more than you make.,It's good not to spend more than you make.
22362,3QY5DC2MXSIGGFS1AMETZ5FECNJFUP1,It's good to help out people in the military.,It's okay to help out people in the military.
